{
  "V1": 62475.66451001174,
  "V2": 4289.534140437951,
  "V3": 8134870.380432129,
  "V4": 326647648.26906204,
  "V5": 844363.0838579315,
  "V6": 89296.44303670929,
  "V7": 170449780.56546172,
  "V8": 3604.7134154596497,
  "V9": 183675.37418682454,
  "V10": 20676.708351135283,
  "V11": 320330.084148407,
  "V12": 52792.34722900392,
  "V13": 46783.13191399732,
  "V14": 1196.7807601261918,
  "V15": 621035837.0812345,
  "V16": 86249482.10286999,
  "V17": 86257729.92553711,
  "V18": 101357.47854552479,
  "V19": 9265.96203994751,
  "V20": 14233.552766780502,
  "V21": 116598872.94201796,
  "V22": 376191.44274902355,
  "V23": 334003.6460271212,
  "V24": 901.822914124893,
  "V25": 3960679.424050832,
  "V26": 1747.5150146484375,
  "V27": 6017.507968090484,
  "V28": 5887.35260595071,
  "Amount": 17001.682195187102
}