{
  "V1": 9459546592.767437,
  "V2": 6460571566.243286,
  "V3": 262497728694.32886,
  "V4": 1336238019351.1953,
  "V5": 134545134595.91037,
  "V6": 9285004560.193115,
  "V7": 35157867621.49609,
  "V8": 6476806511.495117,
  "V9": 17321003615.176758,
  "V10": 3983316580.612911,
  "V11": 854628460.3478432,
  "V12": 6271604800997.242,
  "V13": 1507499468.3841276,
  "V14": 53862092829.2655,
  "V15": 2501604893.171875,
  "V16": 13251756270.325684,
  "V17": 4075681321.6813965,
  "V18": 12905619959.10254,
  "V19": 480326814110.77637,
  "V20": 83016288220.04178,
  "V21": 1444331758.1972656,
  "V22": 9195893117.381363,
  "V23": 4356510157.201172,
  "V24": 6229209501.020996,
  "V25": 1402283050.821392,
  "V26": 14398474015.433212,
  "V27": 5918332626.800781,
  "V28": 6366891061.402344,
  "Amount": 3713714474.1967773
}